strategy,horizon_days,cost_usd_per_patient,qalys_per_patient,delirium_cases_per_patient,rehab_discharges_per_patient,deaths_per_patient,readmissions_per_patient
Usual anesthesia,180,1934.8923683296205,0.21997820410574911,0.2034,0.34571424965158704,0.08444517536438244,0.41608252707213067
pEEG-guided anesthesia,180,1687.262818346993,0.22086451719856068,0.164754,0.3363577850549061,0.08305686995018051,0.4105080613266324
Usual anesthesia,365,2059.7588878786737,0.456386464478509,0.2034,0.34571424965158704,0.11137495110758631,0.8049119474362374
pEEG-guided anesthesia,365,1788.404699181726,0.4580876749662944,0.164754,0.3363577850549061,0.10984110408384577,0.7971421856648199
