Horizon (years),Strategy,Cost (USD per patient),QALYs per patient,Delirium cases per patient,Rehab discharges per patient,Deaths per patient
1,Usual anesthesia,1685.3724,0.4645965229269424,0.2034,0.33879123241228426,0.15986862012505215
1,pEEG-guided anesthesia,1485.151644,0.46761109317752847,0.164754,0.3298052677569458,0.15726793722629184
1,Increment (pEEG - usual),-200.22075599999994,0.003014570250586046,-0.038645999999999986,-0.008985964655338463,-0.0026006828987603092
5,Usual anesthesia,1685.3724,2.004226744205839,0.2034,0.33879123241228426,0.31570774027073023
5,pEEG-guided anesthesia,1485.151644,2.0190262983698997,0.164754,0.3298052677569458,0.3135894677954217
5,Increment (pEEG - usual),-200.22075599999994,0.014799554164060869,-0.038645999999999986,-0.008985964655338463,-0.002118272475308547
10,Usual anesthesia,1685.3724,3.3450681458701235,0.2034,0.33879123241228426,0.47050769374269164
10,pEEG-guided anesthesia,1485.151644,3.3701310698555473,0.164754,0.3298052677569458,0.46886861488086673
10,Increment (pEEG - usual),-200.22075599999994,0.02506292398542387,-0.038645999999999986,-0.008985964655338463,-0.0016390788618249053
